{
  "total_return": -0.015515144000000146,
  "annualized_return": -0.031825275332761915,
  "max_drawdown": 0.03575142766028746,
  "max_drawdown_duration": 62,
  "sharpe_ratio": -1.22782748346715,
  "sortino_ratio": -0.6331886117459018,
  "calmar_ratio": -0.8901819428070925,
  "volatility": 0.05035338935253278,
  "total_trades": 10,
  "win_rate": 0.3,
  "profit_factor": 0.2608478802992522,
  "avg_win": 174.33333333333348,
  "avg_loss": -334.1666666666665,
  "avg_holding_days": 8.2,
  "max_consecutive_wins": 2,
  "max_consecutive_losses": 4,
  "final_value": 98448.48559999999,
  "final_cash": 98448.48559999999,
  "universe_size": 100,
  "history_rows": 117,
  "trade_rows": 20
}